{
  "n": 5,
  "e_solved": 6.286130778842149,
  "raw_solved": 7.000000000000001,
  "observed_solved": 7.000000000000001,
  "board": {
    "p1-helloworld": {
      "solved": {
        "clears": 5,
        "n": 5,
        "q": 0.8571,
        "ci": [
          0.5407,
          0.9958
        ]
      }
    },
    "p2-sqlite": {
      "solved": {
        "clears": 3,
        "n": 5,
        "q": 0.5714,
        "ci": [
          0.2228,
          0.8819
        ]
      }
    },
    "p3-sdl2": {
      "solved": {
        "clears": 5,
        "n": 5,
        "q": 0.8571,
        "ci": [
          0.5407,
          0.9958
        ]
      }
    },
    "p4-fibonacci": {
      "solved": {
        "clears": 4,
        "n": 5,
        "q": 0.7143,
        "ci": [
          0.3588,
          0.9567
        ]
      }
    },
    "p5-gin": {
      "solved": {
        "clears": 2,
        "n": 5,
        "q": 0.4286,
        "ci": [
          0.1181,
          0.7772
        ]
      }
    },
    "p6-rust": {
      "solved": {
        "clears": 5,
        "n": 5,
        "q": 0.8571,
        "ci": [
          0.5407,
          0.9958
        ]
      }
    },
    "p7-flask": {
      "solved": {
        "clears": 4,
        "n": 5,
        "q": 0.7143,
        "ci": [
          0.3588,
          0.9567
        ]
      }
    },
    "p8-node-todo": {
      "solved": {
        "clears": 2,
        "n": 5,
        "q": 0.4286,
        "ci": [
          0.1181,
          0.7772
        ]
      }
    },
    "p9-vue-todo": {
      "solved": {
        "clears": 5,
        "n": 5,
        "q": 0.8571,
        "ci": [
          0.5407,
          0.9958
        ]
      }
    },
    "p10-dotnet-vue-blog": {
      "backend_build": {
        "clears": 0,
        "n": 5,
        "q": 0.1429,
        "ci": [
          0.0042,
          0.4593
        ]
      },
      "backend_test": {
        "clears": 0,
        "n": 5,
        "q": 0.1429,
        "ci": [
          0.0042,
          0.4593
        ]
      },
      "frontend_build": {
        "clears": 0,
        "n": 5,
        "q": 0.1429,
        "ci": [
          0.0042,
          0.4593
        ]
      },
      "frontend_test": {
        "clears": 0,
        "n": 5,
        "q": 0.1429,
        "ci": [
          0.0042,
          0.4593
        ]
      }
    }
  },
  "ts": "2026-06-20T21:17:03"
}