{
  "n": 5,
  "e_solved": 2.85755935027072,
  "raw_solved": 2.1999999999999997,
  "observed_solved": 2.1999999999999997,
  "board": {
    "p1-helloworld": {
      "solved": {
        "clears": 5,
        "n": 5,
        "q": 0.8571,
        "ci": [
          0.5407,
          0.9958
        ]
      }
    },
    "p2-sqlite": {
      "solved": {
        "clears": 1,
        "n": 5,
        "q": 0.2857,
        "ci": [
          0.0433,
          0.6412
        ]
      }
    },
    "p3-sdl2": {
      "solved": {
        "clears": 1,
        "n": 5,
        "q": 0.2857,
        "ci": [
          0.0433,
          0.6412
        ]
      }
    },
    "p4-fibonacci": {
      "solved": {
        "clears": 0,
        "n": 5,
        "q": 0.1429,
        "ci": [
          0.0042,
          0.4593
        ]
      }
    },
    "p5-gin": {
      "solved": {
        "clears": 0,
        "n": 5,
        "q": 0.1429,
        "ci": [
          0.0042,
          0.4593
        ]
      }
    },
    "p6-rust": {
      "solved": {
        "clears": 0,
        "n": 5,
        "q": 0.1429,
        "ci": [
          0.0042,
          0.4593
        ]
      }
    },
    "p7-flask": {
      "solved": {
        "clears": 0,
        "n": 5,
        "q": 0.1429,
        "ci": [
          0.0042,
          0.4593
        ]
      }
    },
    "p8-node-todo": {
      "solved": {
        "clears": 2,
        "n": 5,
        "q": 0.4286,
        "ci": [
          0.1181,
          0.7772
        ]
      }
    },
    "p9-vue-todo": {
      "solved": {
        "clears": 2,
        "n": 5,
        "q": 0.4286,
        "ci": [
          0.1181,
          0.7772
        ]
      }
    },
    "p10-dotnet-vue-blog": {
      "backend_build": {
        "clears": 0,
        "n": 5,
        "q": 0.1429,
        "ci": [
          0.0042,
          0.4593
        ]
      },
      "backend_test": {
        "clears": 0,
        "n": 5,
        "q": 0.1429,
        "ci": [
          0.0042,
          0.4593
        ]
      },
      "frontend_build": {
        "clears": 0,
        "n": 5,
        "q": 0.1429,
        "ci": [
          0.0042,
          0.4593
        ]
      },
      "frontend_test": {
        "clears": 0,
        "n": 5,
        "q": 0.1429,
        "ci": [
          0.0042,
          0.4593
        ]
      }
    }
  },
  "ts": "2026-06-22T01:35:46"
}